s_name,repeticion,gen_time,sort_time
quick,1,2.8424880,0.000019
radix,1,2.8424880,0.000030
quick,2,2.8403160,0.000010
radix,2,2.8403160,0.000061
