s_name,repeticion,gen_time,sort_time
quick,1,3.0886880,0.000011
radix,1,3.0886880,0.000008
quick,2,3.0605020,0.000020
radix,2,3.0605020,0.000020
