s_name,repeticion,gen_time,sort_time
quick,1,3.3442600,0.000011
radix,1,3.3442600,0.000009
quick,2,3.2383450,0.000021
radix,2,3.2383450,0.000020
