s_name,repeticion,gen_time,sort_time
quick,1,3.1554320,0.000010
radix,1,3.1554320,0.000027
quick,2,3.3564110,0.000015
radix,2,3.3564110,0.000057
