s_name,repeticion,gen_time,sort_time
quick,1,3.0566780,0.000018
radix,1,3.0566780,0.000010
quick,2,3.0620020,0.000011
radix,2,3.0620020,0.000012
