s_name,repeticion,gen_time,sort_time
quick,1,3.0357980,0.000011
radix,1,3.0357980,0.000053
quick,2,2.9852310,0.000022
radix,2,2.9852310,0.000050
