s_name,repeticion,gen_time,sort_time
quick,1,3.0944300,0.000010
radix,1,3.0944300,0.000011
quick,2,3.0955870,0.000019
radix,2,3.0955870,0.000026
