s_name,repeticion,gen_time,sort_time
quick,1,3.0813960,0.000010
radix,1,3.0813960,0.000008
quick,2,3.0426200,0.000013
radix,2,3.0426200,0.000010
