s_name,repeticion,gen_time,sort_time
quick,1,3.2129170,0.000010
radix,1,3.2129170,0.000013
quick,2,3.4338310,0.000010
radix,2,3.4338310,0.000008
