s_name,repeticion,gen_time,sort_time
quick,1,3.1413260,0.000016
radix,1,3.1413260,0.000050
quick,2,3.0174030,0.000014
radix,2,3.0174030,0.000038
