s_name,repeticion,gen_time,sort_time
quick,1,3.1401120,0.000009
radix,1,3.1401120,0.000011
quick,2,3.0398080,0.000012
radix,2,3.0398080,0.000013
