s_name,repeticion,gen_time,sort_time
quick,1,2.9940420,0.000013
radix,1,2.9940420,0.000040
quick,2,3.0520970,0.000015
radix,2,3.0520970,0.000057
