s_name,repeticion,gen_time,sort_time
quick,1,2.9509830,0.000011
radix,1,2.9509830,0.000035
quick,2,2.9783360,0.000011
radix,2,2.9783360,0.000051
