s_name,repeticion,gen_time,sort_time
quick,1,3.0782350,0.000020
radix,1,3.0782350,0.000021
quick,2,3.0796840,0.000009
radix,2,3.0796840,0.000009
