s_name,repeticion,gen_time,sort_time
quick,1,3.4515340,0.000019
radix,1,3.4515340,0.000034
quick,2,3.3507910,0.000026
radix,2,3.3507910,0.000027
