s_name,repeticion,gen_time,sort_time
quick,1,3.2056610,0.000011
radix,1,3.2056610,0.000009
quick,2,3.5960120,0.000011
radix,2,3.5960120,0.000013
