s_name,repeticion,gen_time,sort_time
quick,1,3.1348120,0.000020
radix,1,3.1348120,0.000017
quick,2,3.1454870,0.000074
radix,2,3.1454870,0.000010
