s_name,repeticion,gen_time,sort_time
quick,1,3.0277270,0.000020
radix,1,3.0277270,0.000040
quick,2,3.3748730,0.000013
radix,2,3.3748730,0.000055
