s_name,repeticion,gen_time,sort_time
quick,1,3.0408880,0.000011
radix,1,3.0408880,0.000046
quick,2,3.0519270,0.000010
radix,2,3.0519270,0.000031
