s_name,repeticion,gen_time,sort_time
quick,1,3.1221510,0.000011
radix,1,3.1221510,0.000028
quick,2,3.0458620,0.000017
radix,2,3.0458620,0.000044
