s_name,repeticion,gen_time,sort_time
quick,1,3.0288320,0.000009
radix,1,3.0288320,0.000009
quick,2,3.0392100,0.000010
radix,2,3.0392100,0.000009
