s_name,repeticion,gen_time,sort_time
quick,1,3.5947130,0.000011
radix,1,3.5947130,0.000015
quick,2,3.7151930,0.000011
radix,2,3.7151930,0.000014
