s_name,repeticion,gen_time,sort_time
quick,1,2.9705250,0.000013
radix,1,2.9705250,0.000037
quick,2,2.9546410,0.000020
radix,2,2.9546410,0.000039
