s_name,repeticion,gen_time,sort_time
quick,1,3.2388620,0.000017
radix,1,3.2388620,0.000058
quick,2,2.9451540,0.000011
radix,2,2.9451540,0.000030
