s_name,repeticion,gen_time,sort_time
quick,1,3.0383210,0.000010
radix,1,3.0383210,0.000008
quick,2,3.0568480,0.000016
radix,2,3.0568480,0.000016
