s_name,repeticion,gen_time,sort_time
quick,1,3.2227780,0.000010
radix,1,3.2227780,0.000008
quick,2,3.0629740,0.000018
radix,2,3.0629740,0.000016
