s_name,repeticion,gen_time,sort_time
quick,1,3.1626250,0.000010
radix,1,3.1626250,0.000031
quick,2,3.4620760,0.000018
radix,2,3.4620760,0.000073
