s_name,repeticion,gen_time,sort_time
quick,1,3.2578740,0.000010
radix,1,3.2578740,0.000009
quick,2,3.4115610,0.000010
radix,2,3.4115610,0.000008
