s_name,repeticion,gen_time,sort_time
quick,1,3.0267120,0.000011
radix,1,3.0267120,0.000075
quick,2,3.0889860,0.000010
radix,2,3.0889860,0.000025
