s_name,repeticion,gen_time,sort_time
quick,1,3.5150670,0.000019
radix,1,3.5150670,0.000010
quick,2,3.0244520,0.000021
radix,2,3.0244520,0.000013
