s_name,repeticion,gen_time,sort_time
quick,1,2.9398770,0.000011
radix,1,2.9398770,0.000030
quick,2,2.9938820,0.000051
radix,2,2.9938820,0.000028
