s_name,repeticion,gen_time,sort_time
quick,1,3.0128090,0.000010
radix,1,3.0128090,0.000013
quick,2,3.0358320,0.000012
radix,2,3.0358320,0.000011
