s_name,repeticion,gen_time,sort_time
quick,1,3.9933460,0.000011
radix,1,3.9933460,0.000048
quick,2,3.0885990,0.000012
radix,2,3.0885990,0.000033
