s_name,repeticion,gen_time,sort_time
quick,1,3.0839920,0.000013
radix,1,3.0839920,0.000050
quick,2,3.0790450,0.000010
radix,2,3.0790450,0.000025
