s_name,repeticion,gen_time,sort_time
quick,1,3.0086240,0.000011
radix,1,3.0086240,0.000010
quick,2,3.0803310,0.000013
radix,2,3.0803310,0.000012
