s_name,repeticion,gen_time,sort_time
quick,1,4.0268890,0.000086
radix,1,4.0268890,0.000032
quick,2,3.9552610,0.000013
radix,2,3.9552610,0.000057
