s_name,repeticion,gen_time,sort_time
quick,1,3.0566350,0.000009
radix,1,3.0566350,0.000009
quick,2,3.1005290,0.000021
radix,2,3.1005290,0.000019
