s_name,repeticion,gen_time,sort_time
quick,1,3.1396890,0.000010
radix,1,3.1396890,0.000009
quick,2,3.1900900,0.000011
radix,2,3.1900900,0.000080
