s_name,repeticion,gen_time,sort_time
quick,1,2.9624660,0.000010
radix,1,2.9624660,0.000025
quick,2,2.8646320,0.000010
radix,2,2.8646320,0.000025
