s_name,repeticion,gen_time,sort_time
quick,1,3.2262120,0.000012
radix,1,3.2262120,0.000034
quick,2,3.0512000,0.000012
radix,2,3.0512000,0.000037
