s_name,repeticion,gen_time,sort_time
quick,1,3.3277030,0.000018
radix,1,3.3277030,0.000034
quick,2,3.1348950,0.000010
radix,2,3.1348950,0.000071
