s_name,repeticion,gen_time,sort_time
quick,1,3.1226490,0.000010
radix,1,3.1226490,0.000010
quick,2,3.1705950,0.000020
radix,2,3.1705950,0.000021
