s_name,repeticion,gen_time,sort_time
quick,1,3.3828130,0.000011
radix,1,3.3828130,0.000010
quick,2,3.2741260,0.000018
radix,2,3.2741260,0.000014
