s_name,repeticion,gen_time,sort_time
quick,1,3.0313470,0.000019
radix,1,3.0313470,0.000057
quick,2,3.3030160,0.000011
radix,2,3.3030160,0.000028
