s_name,repeticion,gen_time,sort_time
quick,1,3.0951320,0.000019
radix,1,3.0951320,0.000028
quick,2,3.0356460,0.000019
radix,2,3.0356460,0.000062
