s_name,repeticion,gen_time,sort_time
quick,1,3.4874220,0.000020
radix,1,3.4874220,0.000018
quick,2,3.6170400,0.000016
radix,2,3.6170400,0.000056
