s_name,repeticion,gen_time,sort_time
quick,1,2.9498870,0.000010
radix,1,2.9498870,0.000060
quick,2,3.4091130,0.000012
radix,2,3.4091130,0.000043
