s_name,repeticion,gen_time,sort_time
quick,1,3.0096510,0.000013
radix,1,3.0096510,0.000034
quick,2,2.9678960,0.000011
radix,2,2.9678960,0.000027
