s_name,repeticion,gen_time,sort_time
quick,1,3.0241780,0.000020
radix,1,3.0241780,0.000012
quick,2,3.2545860,0.000011
radix,2,3.2545860,0.000011
