s_name,repeticion,gen_time,sort_time
quick,1,3.7478820,0.000019
radix,1,3.7478820,0.000091
quick,2,3.0626170,0.000010
radix,2,3.0626170,0.000027
