s_name,repeticion,gen_time,sort_time
quick,1,2.9523490,0.000011
radix,1,2.9523490,0.000049
quick,2,2.9674630,0.000019
radix,2,2.9674630,0.000033
