s_name,repeticion,gen_time,sort_time
quick,1,3.2655650,0.000017
radix,1,3.2655650,0.000329
quick,2,3.0881250,0.000012
radix,2,3.0881250,0.000299
