s_name,repeticion,gen_time,sort_time
quick,1,2.9786060,0.000063
radix,1,2.9786060,0.000031
quick,2,3.1629850,0.000014
radix,2,3.1629850,0.000057
