s_name,repeticion,gen_time,sort_time
quick,1,3.1354330,0.000012
radix,1,3.1354330,0.000008
quick,2,3.0946110,0.000019
radix,2,3.0946110,0.000022
