s_name,repeticion,gen_time,sort_time
quick,1,3.3294400,0.000013
radix,1,3.3294400,0.000011
quick,2,3.1860880,0.000011
radix,2,3.1860880,0.000012
