s_name,repeticion,gen_time,sort_time
quick,1,3.3548280,0.000010
radix,1,3.3548280,0.000010
quick,2,3.4017000,0.000013
radix,2,3.4017000,0.000029
