s_name,repeticion,gen_time,sort_time
quick,1,3.0614220,0.000009
radix,1,3.0614220,0.000060
quick,2,3.0584210,0.000012
radix,2,3.0584210,0.000042
