s_name,repeticion,gen_time,sort_time
quick,1,3.2766020,0.000021
radix,1,3.2766020,0.000047
quick,2,3.0114410,0.000009
radix,2,3.0114410,0.000025
