s_name,repeticion,gen_time,sort_time
quick,1,3.1489780,0.000014
radix,1,3.1489780,0.000021
quick,2,3.3204470,0.000011
radix,2,3.3204470,0.000010
