s_name,repeticion,gen_time,sort_time
quick,1,3.0728040,0.000010
radix,1,3.0728040,0.000013
quick,2,3.1397450,0.000012
radix,2,3.1397450,0.000025
