s_name,repeticion,gen_time,sort_time
quick,1,3.7352310,0.000019
radix,1,3.7352310,0.000011
quick,2,3.2751190,0.000009
radix,2,3.2751190,0.000009
