s_name,repeticion,gen_time,sort_time
quick,1,3.4545790,0.000020
radix,1,3.4545790,0.000018
quick,2,3.0686350,0.000011
radix,2,3.0686350,0.000013
