s_name,repeticion,gen_time,sort_time
quick,1,3.3331180,0.000012
radix,1,3.3331180,0.000014
quick,2,3.2073510,0.000019
radix,2,3.2073510,0.000009
