s_name,repeticion,gen_time,sort_time
quick,1,3.0409890,0.000011
radix,1,3.0409890,0.000026
quick,2,3.0231590,0.000022
radix,2,3.0231590,0.000066
