s_name,repeticion,gen_time,sort_time
quick,1,3.0145500,0.000040
radix,1,3.0145500,0.000009
quick,2,3.0145040,0.000011
radix,2,3.0145040,0.000008
