s_name,repeticion,gen_time,sort_time
quick,1,3.3051570,0.000011
radix,1,3.3051570,0.000013
quick,2,3.3172660,0.000011
radix,2,3.3172660,0.000037
