s_name,repeticion,gen_time,sort_time
quick,1,3.1094860,0.000015
radix,1,3.1094860,0.000063
quick,2,3.1198030,0.000019
radix,2,3.1198030,0.000040
