s_name,repeticion,gen_time,sort_time
quick,1,3.1341430,0.000020
radix,1,3.1341430,0.000043
quick,2,3.1147200,0.000011
radix,2,3.1147200,0.000026
