s_name,repeticion,gen_time,sort_time
quick,1,3.3328200,0.000010
radix,1,3.3328200,0.000025
quick,2,3.6411690,0.000013
radix,2,3.6411690,0.000016
