s_name,repeticion,gen_time,sort_time
quick,1,3.3324010,0.000018
radix,1,3.3324010,0.000042
quick,2,3.0148130,0.000010
radix,2,3.0148130,0.000028
