s_name,repeticion,gen_time,sort_time
quick,1,3.2222630,0.000012
radix,1,3.2222630,0.000011
quick,2,3.1562820,0.000061
radix,2,3.1562820,0.000017
