s_name,repeticion,gen_time,sort_time
quick,1,2.9849500,0.000013
radix,1,2.9849500,0.000023
quick,2,2.9953220,0.000009
radix,2,2.9953220,0.000008
