s_name,repeticion,gen_time,sort_time
quick,1,2.9911260,0.000019
radix,1,2.9911260,0.000063
quick,2,3.0134070,0.000011
radix,2,3.0134070,0.000026
