s_name,repeticion,gen_time,sort_time
quick,1,3.0440380,0.000012
radix,1,3.0440380,0.000015
quick,2,3.4337170,0.000016
radix,2,3.4337170,0.000018
