s_name,repeticion,gen_time,sort_time
quick,1,3.0709450,0.000011
radix,1,3.0709450,0.000019
quick,2,3.1377050,0.000011
radix,2,3.1377050,0.000009
