s_name,repeticion,gen_time,sort_time
quick,1,3.0956410,0.000013
radix,1,3.0956410,0.000037
quick,2,3.1647070,0.000016
radix,2,3.1647070,0.000052
