s_name,repeticion,gen_time,sort_time
quick,1,3.0081590,0.000044
radix,1,3.0081590,0.000031
quick,2,3.0289300,0.000010
radix,2,3.0289300,0.000026
