s_name,repeticion,gen_time,sort_time
quick,1,3.3437190,0.000012
radix,1,3.3437190,0.000035
quick,2,2.9768110,0.000011
radix,2,2.9768110,0.000037
