s_name,repeticion,gen_time,sort_time
quick,1,3.4139850,0.000013
radix,1,3.4139850,0.000046
quick,2,3.0240340,0.000010
radix,2,3.0240340,0.000025
