s_name,repeticion,gen_time,sort_time
quick,1,3.0362200,0.000011
radix,1,3.0362200,0.000009
quick,2,2.9961280,0.000010
radix,2,2.9961280,0.000009
