s_name,repeticion,gen_time,sort_time
quick,1,3.5359740,0.000018
radix,1,3.5359740,0.000011
quick,2,3.2911540,0.000013
radix,2,3.2911540,0.000013
