s_name,repeticion,gen_time,sort_time
quick,1,3.0855140,0.000020
radix,1,3.0855140,0.000046
quick,2,3.4710380,0.000021
radix,2,3.4710380,0.000054
