s_name,repeticion,gen_time,sort_time
quick,1,3.1412600,0.000017
radix,1,3.1412600,0.000009
quick,2,3.4099420,0.000010
radix,2,3.4099420,0.000008
