s_name,repeticion,gen_time,sort_time
quick,1,3.5262580,0.000015
radix,1,3.5262580,0.000018
quick,2,3.4674690,0.000013
radix,2,3.4674690,0.000019
