s_name,repeticion,gen_time,sort_time
quick,1,3.2335880,0.000015
radix,1,3.2335880,0.000019
quick,2,3.0843540,0.000019
radix,2,3.0843540,0.000011
