s_name,repeticion,gen_time,sort_time
quick,1,2.9527350,0.000010
radix,1,2.9527350,0.000025
quick,2,3.0258020,0.000017
radix,2,3.0258020,0.000071
