s_name,repeticion,gen_time,sort_time
quick,1,3.3533320,0.000011
radix,1,3.3533320,0.000219
quick,2,3.1945970,0.000018
radix,2,3.1945970,0.000166
