s_name,repeticion,gen_time,sort_time
quick,1,2.9702360,0.000011
radix,1,2.9702360,0.000043
quick,2,3.4548970,0.000012
radix,2,3.4548970,0.000045
