s_name,repeticion,gen_time,sort_time
quick,1,3.0794320,0.000010
radix,1,3.0794320,0.000026
quick,2,3.1292350,0.000011
radix,2,3.1292350,0.000084
