s_name,repeticion,gen_time,sort_time
quick,1,3.1573800,0.000011
radix,1,3.1573800,0.000009
quick,2,3.7764190,0.000011
radix,2,3.7764190,0.000013
