s_name,repeticion,gen_time,sort_time
quick,1,3.1578330,0.000034
radix,1,3.1578330,0.000032
quick,2,3.8994320,0.000020
radix,2,3.8994320,0.000039
