s_name,repeticion,gen_time,sort_time
quick,1,3.1079030,0.000013
radix,1,3.1079030,0.000010
quick,2,3.1723150,0.000010
radix,2,3.1723150,0.000008
