s_name,repeticion,gen_time,sort_time
quick,1,3.1631530,0.000011
radix,1,3.1631530,0.000011
quick,2,3.1014260,0.000010
radix,2,3.1014260,0.000010
