s_name,repeticion,gen_time,sort_time
quick,1,3.0080320,0.000018
radix,1,3.0080320,0.000036
quick,2,3.0096610,0.000013
radix,2,3.0096610,0.000034
