s_name,repeticion,gen_time,sort_time
quick,1,3.4676800,0.000012
radix,1,3.4676800,0.000019
quick,2,3.1321290,0.000010
radix,2,3.1321290,0.000010
