s_name,repeticion,gen_time,sort_time
quick,1,3.1364440,0.000011
radix,1,3.1364440,0.000026
quick,2,3.1863430,0.000020
radix,2,3.1863430,0.000031
