s_name,repeticion,gen_time,sort_time
quick,1,3.0213390,0.000011
radix,1,3.0213390,0.000039
quick,2,3.0774010,0.000012
radix,2,3.0774010,0.000046
