s_name,repeticion,gen_time,sort_time
quick,1,3.1405810,0.000019
radix,1,3.1405810,0.000029
quick,2,3.6253390,0.000014
radix,2,3.6253390,0.000054
