s_name,repeticion,gen_time,sort_time
quick,1,3.8083050,0.000010
radix,1,3.8083050,0.000033
quick,2,3.8801560,0.000010
radix,2,3.8801560,0.000015
