s_name,repeticion,gen_time,sort_time
quick,1,3.0040340,0.000018
radix,1,3.0040340,0.000039
quick,2,3.1455850,0.000011
radix,2,3.1455850,0.000032
