s_name,repeticion,gen_time,sort_time
quick,1,3.5227480,0.000009
radix,1,3.5227480,0.000029
quick,2,3.1312790,0.000010
radix,2,3.1312790,0.000028
