s_name,repeticion,gen_time,sort_time
quick,1,3.0167450,0.000013
radix,1,3.0167450,0.000034
quick,2,3.7643810,0.000010
radix,2,3.7643810,0.000025
