s_name,repeticion,gen_time,sort_time
quick,1,2.9644600,0.000011
radix,1,2.9644600,0.000043
quick,2,2.9693830,0.000011
radix,2,2.9693830,0.000027
