s_name,repeticion,gen_time,sort_time
quick,1,2.9528780,0.000010
radix,1,2.9528780,0.000025
quick,2,2.9347160,0.000012
radix,2,2.9347160,0.000040
