s_name,repeticion,gen_time,sort_time
quick,1,3.3061560,0.000012
radix,1,3.3061560,0.000012
quick,2,3.0390040,0.000010
radix,2,3.0390040,0.000011
