s_name,repeticion,gen_time,sort_time
quick,1,3.2080910,0.000009
radix,1,3.2080910,0.000009
quick,2,3.0171630,0.000010
radix,2,3.0171630,0.000009
