s_name,repeticion,gen_time,sort_time
quick,1,3.4820810,0.000012
radix,1,3.4820810,0.000008
quick,2,3.6489930,0.000011
radix,2,3.6489930,0.000010
