s_name,repeticion,gen_time,sort_time
quick,1,3.0026780,0.000017
radix,1,3.0026780,0.000036
quick,2,3.1097810,0.000010
radix,2,3.1097810,0.000072
