s_name,repeticion,gen_time,sort_time
quick,1,3.3562100,0.000012
radix,1,3.3562100,0.000010
quick,2,2.9467160,0.000013
radix,2,2.9467160,0.000015
