s_name,repeticion,gen_time,sort_time
quick,1,3.4367600,0.000010
radix,1,3.4367600,0.000010
quick,2,3.4297570,0.000011
radix,2,3.4297570,0.000010
