s_name,repeticion,gen_time,sort_time
quick,1,3.0273820,0.000019
radix,1,3.0273820,0.000013
quick,2,3.0174890,0.000011
radix,2,3.0174890,0.000008
