s_name,repeticion,gen_time,sort_time
quick,1,3.1956490,0.000070
radix,1,3.1956490,0.000176
quick,2,3.2546930,0.000012
radix,2,3.2546930,0.000026
