s_name,repeticion,gen_time,sort_time
quick,1,3.1312130,0.000010
radix,1,3.1312130,0.000013
quick,2,3.1424280,0.000019
radix,2,3.1424280,0.000023
