s_name,repeticion,gen_time,sort_time
quick,1,3.1023170,0.000018
radix,1,3.1023170,0.000008
quick,2,3.1291930,0.000010
radix,2,3.1291930,0.000008
