s_name,repeticion,gen_time,sort_time
quick,1,2.9529330,0.000010
radix,1,2.9529330,0.000025
quick,2,3.0341090,0.000010
radix,2,3.0341090,0.000028
