s_name,repeticion,gen_time(s),sort_time(us)
quick,1,13.7154750,19.000000
radix,1,13.715475,129.000000
quick,2,12.8811820,19.000000
radix,2,12.881182,129.000000
