s_name,repeticion,gen_time(s),sort_time(us)
quick,1,12.2979970,20.000000
radix,1,12.297997,129.000000
quick,2,12.2343210,19.000000
radix,2,12.234321,128.000000
