s_name,repeticion,gen_time(s),sort_time(us)
quick,1,12.1038610,19.000000
radix,1,12.103861,128.000000
quick,2,12.1335590,19.000000
radix,2,12.133559,129.000000
