s_name,repeticion,gen_time(s),sort_time(us)
quick,1,13.6887360,19.000000
radix,1,13.688736,128.000000
quick,2,12.8580410,19.000000
radix,2,12.858041,128.000000
