s_name,repeticion,gen_time(s),sort_time(us)
quick,1,15.0320300,19.000000
radix,1,15.032030,129.000000
quick,2,16.4797640,20.000000
radix,2,16.479764,130.000000
