s_name,repeticion,gen_time(s),sort_time(us)
quick,1,12.5161820,19.000000
radix,1,12.516182,128.000000
quick,2,12.7263780,19.000000
radix,2,12.726378,129.000000
