s_name,repeticion,gen_time(s),sort_time(us)
quick,1,12.1855000,19.000000
radix,1,12.185500,127.000000
quick,2,12.2246790,20.000000
radix,2,12.224679,132.000000
