s_name,repeticion,gen_time(s),sort_time(us)
quick,1,12.1204490,19.000000
radix,1,12.120449,128.000000
quick,2,12.3395580,20.000000
radix,2,12.339558,128.000000
