s_name,repeticion,gen_time(s),sort_time(us)
quick,1,12.0624140,19.000000
radix,1,12.062414,129.000000
quick,2,12.1582040,19.000000
radix,2,12.158204,128.000000
