s_name,repeticion,gen_time(s),sort_time(us)
quick,1,12.1139430,19.000000
radix,1,12.113943,128.000000
quick,2,12.1506480,19.000000
radix,2,12.150648,129.000000
