s_name,repeticion,gen_time(s),sort_time(us)
quick,1,13.5158580,20.000000
radix,1,13.515858,128.000000
quick,2,14.0862200,20.000000
radix,2,14.086220,129.000000
