s_name,repeticion,gen_time(s),sort_time(us)
quick,1,12.6983550,19.000000
radix,1,12.698355,129.000000
quick,2,12.5573210,19.000000
radix,2,12.557321,130.000000
