s_name,repeticion,gen_time(s),sort_time(us)
quick,1,13.7098660,19.000000
radix,1,13.709866,129.000000
quick,2,13.0138370,19.000000
radix,2,13.013837,138.000000
