s_name,repeticion,gen_time(s),sort_time(us)
quick,1,16.5477710,19.000000
radix,1,16.547771,127.000000
quick,2,12.7627370,19.000000
radix,2,12.762737,129.000000
