s_name,repeticion,gen_time(s),sort_time(us)
quick,1,12.1324500,19.000000
radix,1,12.132450,128.000000
quick,2,12.2482050,19.000000
radix,2,12.248205,129.000000
