s_name,repeticion,gen_time(s),sort_time(us)
quick,1,12.2949570,19.000000
radix,1,12.294957,128.000000
quick,2,12.3041040,19.000000
radix,2,12.304104,128.000000
