s_name,repeticion,gen_time(s),sort_time(us)
quick,1,14.5020820,19.000000
radix,1,14.502082,129.000000
quick,2,12.7208610,19.000000
radix,2,12.720861,130.000000
