s_name,repeticion,gen_time(s),sort_time(us)
quick,1,12.0781050,19.000000
radix,1,12.078105,128.000000
quick,2,12.0496440,19.000000
radix,2,12.049644,130.000000
