s_name,repeticion,gen_time(s),sort_time(us)
quick,1,13.9431990,19.000000
radix,1,13.943199,129.000000
quick,2,12.6407690,19.000000
radix,2,12.640769,128.000000
