s_name,repeticion,gen_time(s),sort_time(us)
quick,1,13.3052570,25.000000
radix,1,13.305257,129.000000
quick,2,12.6100490,19.000000
radix,2,12.610049,129.000000
