s_name,repeticion,gen_time(s),sort_time(us)
quick,1,13.1396020,19.000000
radix,1,13.139602,128.000000
quick,2,12.8776750,19.000000
radix,2,12.877675,128.000000
