s_name,repeticion,gen_time(s),sort_time(us)
quick,1,13.0506980,19.000000
radix,1,13.050698,129.000000
quick,2,13.4845530,21.000000
radix,2,13.484553,130.000000
