s_name,repeticion,gen_time(s),sort_time(us)
quick,1,12.8015370,19.000000
radix,1,12.801537,128.000000
quick,2,13.7594630,19.000000
radix,2,13.759463,128.000000
