s_name,repeticion,gen_time(s),sort_time(us)
quick,1,12.1685320,19.000000
radix,1,12.168532,129.000000
quick,2,12.1123090,19.000000
radix,2,12.112309,128.000000
