s_name,repeticion,gen_time(s),sort_time(us)
quick,1,12.8570960,19.000000
radix,1,12.857096,128.000000
quick,2,12.6282390,20.000000
radix,2,12.628239,129.000000
