s_name,repeticion,gen_time(s),sort_time(us)
quick,1,12.1726780,19.000000
radix,1,12.172678,128.000000
quick,2,12.3381770,19.000000
radix,2,12.338177,129.000000
