s_name,repeticion,gen_time(s),sort_time(us)
quick,1,12.2555480,19.000000
radix,1,12.255548,128.000000
quick,2,12.2665110,19.000000
radix,2,12.266511,128.000000
