s_name,repeticion,gen_time(s),sort_time(us)
quick,1,13.3155900,19.000000
radix,1,13.315590,130.000000
quick,2,14.5680410,20.000000
radix,2,14.568041,281.000000
