s_name,repeticion,gen_time(s),sort_time(us)
quick,1,12.6436030,21.000000
radix,1,12.643603,128.000000
quick,2,13.1772550,19.000000
radix,2,13.177255,129.000000
