s_name,repeticion,gen_time(s),sort_time(us)
quick,1,13.3206650,19.000000
radix,1,13.320665,128.000000
quick,2,12.8826230,23.000000
radix,2,12.882623,128.000000
