s_name,repeticion,gen_time(s),sort_time(us)
quick,1,12.7236450,19.000000
radix,1,12.723645,130.000000
quick,2,12.6387660,19.000000
radix,2,12.638766,128.000000
