s_name,repeticion,gen_time(s),sort_time(us)
quick,1,12.0614320,20.000000
radix,1,12.061432,128.000000
quick,2,12.0560970,19.000000
radix,2,12.056097,128.000000
