s_name,repeticion,gen_time(s),sort_time(us)
quick,1,12.6950580,19.000000
radix,1,12.695058,129.000000
quick,2,12.7232630,19.000000
radix,2,12.723263,128.000000
