s_name,repeticion,gen_time(s),sort_time(us)
quick,1,12.2706580,20.000000
radix,1,12.270658,130.000000
quick,2,12.3471060,19.000000
radix,2,12.347106,129.000000
