s_name,repeticion,gen_time(s),sort_time(us)
quick,1,12.2356940,20.000000
radix,1,12.235694,128.000000
quick,2,12.2473450,19.000000
radix,2,12.247345,129.000000
